,8.000,8.020,8.040,8.060,8.080,8.100,8.120,8.140,8.160,8.180,8.200,8.220,8.240,8.260,8.280,8.300,8.320,8.340,8.360,8.380,8.400,8.420,8.440,8.460,8.480,8.500,8.520,8.540,8.560,8.580,8.600,8.620,8.640,8.660,8.680,8.700,8.720,8.740,8.760,8.780,8.800,8.820,8.840,8.860,8.880,8.900,8.920,8.940,8.960,8.980,9.000,9.020,9.040,9.060,9.080,9.100,9.120,9.140,9.160,9.180,9.200,9.220,9.240,9.260,9.280,9.300,9.320,9.340,9.360,9.380,9.400,9.420,9.440,9.460,9.480,9.500,9.520,9.540,9.560,9.580,9.600,9.620,9.640,9.660,9.680,9.700,9.720,9.740,9.760,9.780,9.800,9.820,9.840,9.860,9.880,9.900,9.920,9.940,9.960,9.980,10.000,10.020,10.040,10.060,10.080,10.100,10.120,10.140,10.160,10.180,10.200,10.220,10.240,10.260,10.280,10.300,10.320,10.340,10.360,10.380,10.400,10.420,10.440,10.460,10.480,10.500,10.520,10.540,10.560,10.580,10.600,10.620,10.640,10.660,10.680,10.700,10.720,10.740,10.760,10.780,10.800,10.820,10.840,10.860,10.880,10.900,10.920,10.940,10.960,10.980,11.000,11.020,11.040,11.060,11.080,11.100,11.120,11.140,11.160,11.180,11.200,11.220,11.240,11.260,11.280,11.300,11.320,11.340,11.360,11.380,11.400,11.420,11.440,11.460,11.480,11.500,11.520,11.540,11.560,11.580,11.600,11.620,11.640,11.660,11.680,11.700,11.720,11.740,11.760,11.780,11.800,11.820,11.840,11.860,11.880,11.900,11.920,11.940,11.960,11.980,12.000
2000,,,,,,,,,,,,,,,,,,,,,,,,,,,,,,,,,,,,,,,,,,,,,,,,,,,,,,,,,,,,,,,,,,,,,,,,,,,,,,,,,,,,,,,,,,,,,,,,,,,,,,,,,,,,,,,,,,,,,,,,,,,,,,,,,,,,,,,,,,,,,,,,,,,,,,,,,,,,,,,,,,,,,,,,,,,,,,,,,,,,,,,,,,,,,,,,,,,,,,,,,
2100,,,,,,,,,,,,,,,,,,,,,,,,,,,,,,,,,,,,,,,,,,,,,,,,,,,,,,,,,,,,,,,,,,,,,,,,,,,,,,,,,,,,,,,,,,,,,,,,,,,,,,,,,,,,,,,,,,,,,,,,,,,,,,,,,,,,,,,,,,,,,,,,,,,,,,,,,,,,,,,,,,,,,,,,,,,,,,,,,,,,,,,,,,,,,,,,,,,,,,,,,
2200,,,,,,,,,,,,,,,,,,,,,,,,,,,,,,,,,,,,,,,,,,,,,,,,,,,,,,,,,,,,,,,,,,,,,,,,,,,,,,,,,,,,,,,,,,,,,,,,,,,,,,,,,,,,,,,,,,,,,,,,,,,,,,,,,,,,,,,,,,,,,,,,,,,,,,,,,,,,,,,,,,,,,,,,,,,,,,,,,,,,,,,,,,,,,,,,,,,,,,,,,
2300,,,,,,,,,,,,,,,,,,,,,,,,,,,,,,,,,,,,,,,,,,,,,,,,,,,,,,,,,,,,,,,,,,,,,,,,,,,,,,,,,,,,,,,,,,,,,,,,,,,,,,,,,,,,,,,,,,,,,,,,,,,,,,,,,,,,,,,,,,,,,,,,,,,,,,,,,,,,,,,,,,,,,,,,,,,,,,,,,,,,,,,,,,,,,,,,,,,,,,,,,
2400,,,,,,,,,,,,,,,,,,,,,,,,,,,,,,,,,,,,,,,,,,,,,,,,,,,,,,,,,,,,,,,,,,,,,,,,,,,,,,,,,,,,,,,,,,,,,,,,,,,,,,,,,,,,,,,,,,,,,,,,,,,,,,,,,,,,,,,,,,,,,,,,,,,,,,,,,,,,,,,,,,,,,,,,,,,,,,,,,,,,,,,,,,,,,,,,,,,,,,,,,
2500,,,,,,,,,,,,,,,,,,,,,,,,,,,,,,,,,,,,,,,,,,,,,,,,,,,,,,,,,,,,,,,,,,,,,,,,,,,,,,,,,,,,,,,,,,,,,,,,,,,,,,,,,,,,,,,,,,,,,,,,,,,,,,,,,,,,,,,,,,,,,,,,,,,,,,,,,,,,,,,,,,,,,,,,,,,,,,,,,,,,,,,,,,,,,,,,,,,,,,,,,
2600,,,,,,,,,,,,,,,,,,,,,,,,,,,,,,,,,,,,,,,,,,,,,,,,,,,,,,,,,,,,,,,,,,,,,,,,,,,,,,,,,,,,,,,,,,,,,,,,,,,,,,,,,,,,,,,,,,,,,,,,,,,,,,,,,,,,,,,,,,,,,,,,,,,,,,,,,,,,,,,,,,,,,,,,,,,,,,,,,,,,,,,,,,,,,,,,,,,,,,,,,
2700,,,,,,,,,,,,,,,,,,,,,,,,,,,,,,,,,,,,,,,,,,,,,,,,,,,,,,,,,,,,,,,,,,,,,,,,,,,,,,,,,,,,,,,,,,,,,,,,,,,,,,,,,,,,,,,,,,,,,,,,,,,,,,,,,,,,,,,,,,,,,,,,,,,,,,,,,,,,,,,,,,,,,,,,,,,,,,,,,,,,,,,,,,,,,,,,,,,,,,,,,
2800,,,,,,,,,,,,,,,,,,,,,,,,,,,,,,,,,,,,,,,,,,,,,,,,,,,,,,,,,,,,,,,,,,,,,,,,,,,,,,,,,,,,,,,,,,,,,,,,,,,,,,,,,,,,,,,,,,,,,,,,,,,,,,,,,,,,,,,,,,,,,,,,,,,,,,,,,,,,,,,,,,,,,,,,,,,,,,,,,,,,,,,,,,,,,,,,,,,,,,,,,
2900,,,,,,,,,,,,,,,,,,,,,,,,,,,,,,,,,,,,,,,,,,,,,,,,,,,,,,,,,,,,,,,,,,,,,,,,,,,,,,,,,,,,,,,,,,,,,,,,,,,,,,,,,,,,,,,,,,,,,,,,,,,,,,,,,,,,,,,,,,,,,,,,,,,,,,,,,,,,,,,,,,,,,,,,,,,,,,,,,,,,,,,,,,,,,,,,,,,,,,,,,
3000,,,,,,,,,,,,,,,,,,,,,,,,,,1.663e+03,,,,,1.648e+03,,,,,1.632e+03,,,,,1.609e+03,,,,,1.594e+03,,,,,1.589e+03,,,,,1.571e+03,,,,,1.557e+03,,,,,1.556e+03,,,,,1.562e+03,,,,,1.584e+03,,,,,,,,,,1.588e+03,,,,,1.613e+03,,,,,1.645e+03,,,,,1.654e+03,,,,,,,,,,,,,,,,,,,,,,,,,,,,,,,,,,,,,,,,,,,,,,,,,,,,,,,,,,,,,,,,,,,,,,,,,,,,,,,,,,,,,,,,,,,,,,,,,,,,
3100,,,,,,,,,,,,,,,,,,,,,,,,,,1.530e+03,,,,,1.524e+03,,,,,1.500e+03,,,,,1.473e+03,,,,,1.458e+03,,,,,1.449e+03,,,,,1.438e+03,,,,,1.427e+03,,,,,1.419e+03,,,,,1.430e+03,,,,,,,,,,1.430e+03,,,,,1.492e+03,,,,,1.506e+03,,,,,1.496e+03,,,,,1.523e+03,,,,,,,,,,,,,,,,,,,,,,,,,,,,,,,,,,,,,,,,,,,,,,,,,,,,,,,,,,,,,,,,,,,,,,,,,,,,,,,,,,,,,,,,,,,,,,,,,,,,
3200,,,,,,,,,,,,,,,,,,,,,,,,,,1.373e+03,,,,,1.386e+03,,,,,1.355e+03,,,,,1.336e+03,,,,,1.321e+03,,,,,1.301e+03,,,,,1.314e+03,,,,,1.280e+03,,,,,1.279e+03,,,,,1.274e+03,,,,,1.288e+03,,,,,1.294e+03,,,,,1.355e+03,,,,,1.367e+03,,,,,1.351e+03,,,,,1.380e+03,,,,,1.382e+03,,,,,,,,,,,,,,,,,,,,,,,,,,,,,,,,,,,,,,,,,,,,,,,,,,,,,,,,,,,,,,,,,,,,,,,,,,,,,,,,,,,,,,,,,,,,,,,
3300,,,,,,,,,,,,,,,,,,,,,,,,,,1.237e+03,,,,,1.238e+03,,,,,1.203e+03,,,,,1.184e+03,,,,,1.163e+03,,,,,1.150e+03,,,,,1.174e+03,,,,,1.128e+03,,,,,1.121e+03,,,,,1.109e+03,,,,,1.127e+03,,,,,1.143e+03,,,,,1.193e+03,,,,,1.165e+03,,,,,1.201e+03,,,,,,,,,,1.264e+03,,,,,,,,,,,,,,,,,,,,,,,,,,,,,,,,,,,,,,,,,,,,,,,,,,,,,,,,,,,,,,,,,,,,,,,,,,,,,,,,,,,,,,,,,,,,,,,
3400,,,,,,,,,,,,,,,,,,,,,,,,,,1.087e+03,,,,,1.096e+03,,,,,1.018e+03,,,,,1.052e+03,,,,,1.006e+03,,,,,9.946e+02,,,,,1.025e+03,,,,,9.640e+02,,,,,9.542e+02,,,,,9.645e+02,,,,,1.026e+03,,,,,9.855e+02,,,,,1.048e+03,,,,,1.019e+03,,,,,1.033e+03,,,,,1.061e+03,,,,,1.092e+03,,,,,,,,,,,,,,,,,,,,,,,,,,,,,,,,,,,,,,,,,,,,,,,,,,,,,,,,,,,,,,,,,,,,,,,,,,,,,,,,,,,,,,,,,,,,,,,
3500,,,,,,,,,,,,,,,,,,,,,,,,,,8.937e+02,,,,,8.595e+02,,,,,9.205e+02,,,,,9.057e+02,,,,,8.430e+02,,,,,8.325e+02,,,,,8.200e+02,,,,,8.196e+02,,,,,8.138e+02,,,,,8.027e+02,,,,,8.157e+02,,,,,8.451e+02,,,,,8.369e+02,,,,,8.490e+02,,,,,9.249e+02,,,,,9.238e+02,,,,,,,,,,,,,,,,,,,,9.778e+02,,,,,9.784e+02,,,,,,,,,,,,,,,,,,,,,,,,,,,,,,,,,,,,,,,,,,,,,,,,,,,,,,,,,,,,,,,,,,,,,,,,,,,
3600,,,,,,,,,,,,,,,,,,,,,,,,,,7.421e+02,,,,,7.385e+02,,,,,7.457e+02,,,,,7.383e+02,,,,,6.802e+02,,,,,6.695e+02,,,,,6.748e+02,,,,,6.878e+02,,,,,6.483e+02,,,,,6.394e+02,,,,,6.472e+02,,,,,7.313e+02,,,,,6.818e+02,,,,,7.030e+02,,,,,7.697e+02,,,,,7.619e+02,,,,,7.829e+02,,,,,,,,,,8.279e+02,,,,,,,,,,8.346e+02,,,,,,,,,,,,,,,,,,,,,,,,,,,,,,,,,,,,,,,,,,,,,,,,,,,,,,,,,,,,,,,,,,,,,,,,,,,
3700,,,,,,,,,,,,,,,,,,,,,,,,,,5.393e+02,,,,,5.549e+02,,,,,5.616e+02,,,,,5.684e+02,,,,,5.588e+02,,,,,4.833e+02,,,,,4.927e+02,,,,,5.306e+02,,,,,4.804e+02,,,,,4.737e+02,,,,,4.822e+02,,,,,5.010e+02,,,,,5.762e+02,,,,,5.576e+02,,,,,6.189e+02,,,,,5.902e+02,,,,,6.338e+02,,,,,6.370e+02,,,,,7.194e+02,,,,,7.222e+02,,,,,6.994e+02,,,,,,,,,,,,,,,,,,,,,,,,,,,,,,,,,,,,,,,,,,,,,,,,,,,,,,,,,,,,,,,,,,,,,,,,,,,
3800,,,,,,,,,,,,,,,,,,,,,,,,,,2.912e+02,,,,,3.237e+02,,,,,3.432e+02,,,,,3.190e+02,,,,,3.161e+02,,,,,3.616e+02,,,,,3.132e+02,,,,,3.604e+02,,,,,3.100e+02,,,,,3.046e+02,,,,,3.259e+02,,,,,3.853e+02,,,,,4.291e+02,,,,,3.907e+02,,,,,4.718e+02,,,,,4.172e+02,,,,,4.600e+02,,,,,5.105e+02,,,,,4.999e+02,,,,,5.659e+02,,,,,5.647e+02,,,,,,,,,,,,,,,,,,,,,,,,,,,,,,,,,,,,,,,,,,,,,,,,,,,,,,,,,,,,,,,,,,,,,,,,,,,
3900,,,,,,,,,,,,,,,,,,,,,,,,,,6.015e+01,,,,,9.496e+01,,,,,7.905e+01,,,,,1.560e+02,,,,,1.632e+02,,,,,1.919e+02,,,,,1.865e+02,,,,,1.918e+02,,,,,1.411e+02,,,,,1.488e+02,,,,,1.510e+02,,,,,1.610e+02,,,,,1.889e+02,,,,,2.217e+02,,,,,3.123e+02,,,,,2.503e+02,,,,,3.083e+02,,,,,3.234e+02,,,,,3.556e+02,,,,,3.783e+02,,,,,3.905e+02,,,,,,,,,,,,,,,,,,,,,,,,,,,,,,,,,,,,,,,,,,,,,,,,,,,,,,,,,,,,,,,,,,,,,,,,,,,
4000,,,,,,,,,,,,,,,,,,,,,,,,,,-1.819e+02,,,,,-1.424e+02,,,,,-1.139e+02,,,,,-6.778e+01,,,,,-3.324e+01,,,,,-1.539e+01,,,,,2.413e+00,,,,,1.258e+01,,,,,1.686e+01,,,,,2.581e+01,,,,,-4.115e+01,,,,,5.022e+00,,,,,9.061e+00,,,,,5.280e-01,,,,,8.070e+01,,,,,6.818e+01,,,,,1.441e+02,,,,,1.600e+02,,,,,2.058e+02,,,,,2.309e+02,,,,,2.476e+02,,,,,,,,,,,,,,,,,,,,,,,,,,,,,,,,,,,,,,,,,,,,,,,,,,,,,,,,,,,,,,,,,,,,,,,,,,,
4100,,,,,,,,,,,,,,,,,,,,,,,,,,-4.293e+02,,,,,-3.885e+02,,,,,-3.373e+02,,,,,-2.931e+02,,,,,-2.489e+02,,,,,-2.206e+02,,,,,-1.919e+02,,,,,-1.687e+02,,,,,-1.553e+02,,,,,-1.380e+02,,,,,-2.012e+02,,,,,-1.199e+02,,,,,-1.589e+02,,,,,-9.928e+01,,,,,-9.277e+01,,,,,-2.863e+01,,,,,3.028e+01,,,,,4.827e+01,,,,,8.527e+01,,,,,4.784e+01,,,,,9.734e+01,,,,,,,,,,,,,,,,,,,,,,,,,,,,,,,,,,,,,,,,,,,,,,,,,,,,,,,,,,,,,,,,,,,,,,,,,,,
4200,,,,,,,,,,,,,,,,,,,,,,,,,,-6.843e+02,,,,,-6.204e+02,,,,,-5.713e+02,,,,,-5.226e+02,,,,,-4.791e+02,,,,,-4.421e+02,,,,,-3.961e+02,,,,,-3.634e+02,,,,,-3.915e+02,,,,,-3.093e+02,,,,,-3.818e+02,,,,,-3.688e+02,,,,,-3.242e+02,,,,,-3.085e+02,,,,,-2.606e+02,,,,,-1.644e+02,,,,,-1.989e+02,,,,,-1.632e+02,,,,,-6.248e+01,,,,,-7.208e+01,,,,,-7.344e+01,,,,,,,,,,,,,,,,,,,,,,,,,,,,,,,,,,,,,,,,,,,,,,,,,,,,,,,,,,,,,,,,,,,,,,,,,,,
4300,,,,,,,,,,,,,,,,,,,,,,,,,,-9.056e+02,,,,,-8.421e+02,,,,,-8.031e+02,,,,,-7.540e+02,,,,,-7.029e+02,,,,,-6.669e+02,,,,,-6.156e+02,,,,,-5.749e+02,,,,,-5.408e+02,,,,,-5.134e+02,,,,,-5.332e+02,,,,,-5.467e+02,,,,,-5.245e+02,,,,,-4.618e+02,,,,,-4.287e+02,,,,,-3.981e+02,,,,,-3.513e+02,,,,,-3.137e+02,,,,,-2.778e+02,,,,,-2.451e+02,,,,,-2.377e+02,,,,,,,,,,,,,,,,,,,,,,,,,,,,,,,,,,,,,,,,,,,,,,,,,,,,,,,,,,,,,,,,,,,,,,,,,,,
4400,,,,,,,,,,,,,,,,,,,,,,,,,,-1.157e+03,,,,,-1.086e+03,,,,,-1.036e+03,,,,,-1.012e+03,,,,,-9.276e+02,,,,,-8.809e+02,,,,,-8.324e+02,,,,,-7.584e+02,,,,,-7.287e+02,,,,,-6.808e+02,,,,,-6.902e+02,,,,,-6.679e+02,,,,,-6.682e+02,,,,,-6.003e+02,,,,,-5.658e+02,,,,,-5.208e+02,,,,,-4.807e+02,,,,,-4.404e+02,,,,,-3.985e+02,,,,,-3.707e+02,,,,,-3.666e+02,,,,,,,,,,,,,,,,,,,,,,,,,,,,,,,,,,,,,,,,,,,,,,,,,,,,,,,,,,,,,,,,,,,,,,,,,,,
4500,,,,,,,,,,,,,,,,,,,,,,,,,,-1.397e+03,,,,,-1.317e+03,,,,,-1.293e+03,,,,,-1.199e+03,,,,,-1.147e+03,,,,,-1.136e+03,,,,,-1.043e+03,,,,,-9.990e+02,,,,,-9.880e+02,,,,,-9.811e+02,,,,,-8.319e+02,,,,,-9.096e+02,,,,,-7.990e+02,,,,,-8.316e+02,,,,,-7.927e+02,,,,,-6.726e+02,,,,,-7.070e+02,,,,,-5.981e+02,,,,,-6.142e+02,,,,,-5.907e+02,,,,,-5.819e+02,,,,,,,,,,,,,,,,,,,,,,,,,,,,,,,,,,,,,,,,,,,,,,,,,,,,,,,,,,,,,,,,,,,,,,,,,,,
4600,,,,,,,,,,,,,,,,,,,,,,,,,,-1.618e+03,,,,,-1.589e+03,,,,,-1.489e+03,,,,,-1.422e+03,,,,,-1.365e+03,,,,,-1.314e+03,,,,,-1.264e+03,,,,,-1.213e+03,,,,,-1.162e+03,,,,,-1.135e+03,,,,,-1.020e+03,,,,,-1.074e+03,,,,,-1.042e+03,,,,,-9.848e+02,,,,,-9.483e+02,,,,,-9.143e+02,,,,,-8.637e+02,,,,,-8.207e+02,,,,,-7.774e+02,,,,,-7.492e+02,,,,,-7.259e+02,,,,,,,,,,,,,,,,,,,,,,,,,,,,,,,,,,,,,,,,,,,,,,,,,,,,,,,,,,,,,,,,,,,,,,,,,,,
4700,,,,,,,,,,,,,,,,,,,,,,,,,,-1.801e+03,,,,,-1.764e+03,,,,,-1.716e+03,,,,,-1.655e+03,,,,,-1.577e+03,,,,,-1.521e+03,,,,,-1.455e+03,,,,,-1.401e+03,,,,,-1.350e+03,,,,,-1.333e+03,,,,,-1.232e+03,,,,,-1.234e+03,,,,,-1.181e+03,,,,,-1.130e+03,,,,,-1.093e+03,,,,,-1.043e+03,,,,,-1.001e+03,,,,,-9.482e+02,,,,,-9.105e+02,,,,,-8.807e+02,,,,,-8.588e+02,,,,,,,,,,,,,,,,,,,,,,,,,,,,,,,,,,,,,,,,,,,,,,,,,,,,,,,,,,,,,,,,,,,,,,,,,,,
4800,,,,,,,,,,,,,,,,,,,,,,,,,,-2.027e+03,,,,,-1.954e+03,,,,,-1.906e+03,,,,,-1.858e+03,,,,,-1.787e+03,,,,,-1.727e+03,,,,,-1.706e+03,,,,,-1.650e+03,,,,,-1.596e+03,,,,,-1.488e+03,,,,,-1.514e+03,,,,,-1.455e+03,,,,,-1.329e+03,,,,,-1.373e+03,,,,,-1.314e+03,,,,,-1.197e+03,,,,,-1.153e+03,,,,,-1.104e+03,,,,,-1.131e+03,,,,,-1.095e+03,,,,,-1.007e+03,,,,,,,,,,,,,,,,,,,,,,,,,,,,,,,,,,,,,,,,,,,,,,,,,,,,,,,,,,,,,,,,,,,,,,,,,,,
4900,,,,,,,,,,,,,,,,,,,,,,,,,,-2.246e+03,,,,,-2.166e+03,,,,,-2.104e+03,,,,,-2.068e+03,,,,,-2.032e+03,,,,,-1.943e+03,,,,,-1.883e+03,,,,,-1.825e+03,,,,,-1.768e+03,,,,,-1.726e+03,,,,,-1.702e+03,,,,,-1.632e+03,,,,,-1.576e+03,,,,,-1.542e+03,,,,,-1.467e+03,,,,,-1.424e+03,,,,,-1.382e+03,,,,,-1.329e+03,,,,,-1.285e+03,,,,,-1.254e+03,,,,,-1.230e+03,,,,,,,,,,,,,,,,,,,,,,,,,,,,,,,,,,,,,,,,,,,,,,,,,,,,,,,,,,,,,,,,,,,,,,,,,,,
5000,,,,,,,,,,,,,,,,,,,,,,,,,,-2.430e+03,,,,,-2.390e+03,,,,,-2.306e+03,,,,,-2.260e+03,,,,,-2.196e+03,,,,,-2.135e+03,,,,,-2.072e+03,,,,,-2.011e+03,,,,,-1.957e+03,,,,,-1.925e+03,,,,,-1.867e+03,,,,,-1.812e+03,,,,,-1.775e+03,,,,,-1.700e+03,,,,,-1.620e+03,,,,,-1.580e+03,,,,,-1.529e+03,,,,,-1.474e+03,,,,,-1.430e+03,,,,,-1.399e+03,,,,,-1.373e+03,,,,,,,,,,,,,,,,,,,,,,,,,,,,,,,,,,,,,,,,,,,,,,,,,,,,,,,,,,,,,,,,,,,,,,,,,,,
5100,,,,,,,,,,,,,,,,,,,,,,,,,,-2.669e+03,,,,,-2.598e+03,,,,,-2.503e+03,,,,,-2.448e+03,,,,,-2.391e+03,,,,,-2.358e+03,,,,,-2.262e+03,,,,,-2.205e+03,,,,,-2.176e+03,,,,,-2.084e+03,,,,,-2.027e+03,,,,,-2.022e+03,,,,,-1.982e+03,,,,,-1.850e+03,,,,,-1.848e+03,,,,,-1.753e+03,,,,,-1.682e+03,,,,,-1.627e+03,,,,,-1.581e+03,,,,,-1.605e+03,,,,,-1.544e+03,,,,,,,,,,,,,,,,,,,,,,,,,,,,,,,,,,,,,,,,,,,,,,,,,,,,,,,,,,,,,,,,,,,,,,,,,,,
5200,,,,,,,,,,,,,,,,,,,,,,,,,,-2.844e+03,,,,,-2.791e+03,,,,,-2.702e+03,,,,,-2.651e+03,,,,,-2.578e+03,,,,,-2.534e+03,,,,,-2.478e+03,,,,,-2.402e+03,,,,,-2.341e+03,,,,,-2.291e+03,,,,,-2.251e+03,,,,,-2.201e+03,,,,,-2.126e+03,,,,,-2.080e+03,,,,,-2.019e+03,,,,,-1.937e+03,,,,,-1.898e+03,,,,,-1.849e+03,,,,,-1.800e+03,,,,,-1.760e+03,,,,,-1.766e+03,,,,,,,,,,,,,,,,,,,,,,,,,,,,,,,,,,,,,,,,,,,,,,,,,,,,,,,,,,,,,,,,,,,,,,,,,,,
5300,,,,,,,,,,,,,,,,,,,,,,,,,,-3.054e+03,,,,,-2.956e+03,,,,,-2.885e+03,,,,,-2.849e+03,,,,,-2.753e+03,,,,,-2.714e+03,,,,,-2.659e+03,,,,,-2.597e+03,,,,,-2.530e+03,,,,,-2.490e+03,,,,,-2.442e+03,,,,,-2.371e+03,,,,,-2.327e+03,,,,,-2.249e+03,,,,,-2.182e+03,,,,,-2.099e+03,,,,,-2.048e+03,,,,,-2.005e+03,,,,,-1.955e+03,,,,,-1.921e+03,,,,,-1.918e+03,,,,,,,,,,,,,,,,,,,,,,,,,,,,,,,,,,,,,,,,,,,,,,,,,,,,,,,,,,,,,,,,,,,,,,,,,,,
5400,,,,,,,,,,,,,,,,,,,,,,,,,,-3.189e+03,,,,,-3.173e+03,,,,,-3.092e+03,,,,,-3.028e+03,,,,,-2.946e+03,,,,,-2.912e+03,,,,,-2.827e+03,,,,,-2.785e+03,,,,,-2.733e+03,,,,,-2.644e+03,,,,,-2.631e+03,,,,,-2.529e+03,,,,,-2.468e+03,,,,,-2.458e+03,,,,,-2.343e+03,,,,,-2.256e+03,,,,,-2.241e+03,,,,,-2.159e+03,,,,,-2.159e+03,,,,,-2.141e+03,,,,,-2.141e+03,,,,,,,,,,,,,,,,,,,,,,,,,,,,,,,,,,,,,,,,,,,,,,,,,,,,,,,,,,,,,,,,,,,,,,,,,,,
5500,,,,,,,,,,,,,,,,,,,,,,,,,,-3.401e+03,,,,,-3.377e+03,,,,,-3.275e+03,,,,,-3.213e+03,,,,,-3.125e+03,,,,,-3.075e+03,,,,,-3.002e+03,,,,,-2.940e+03,,,,,-2.892e+03,,,,,-2.825e+03,,,,,-2.781e+03,,,,,-2.737e+03,,,,,-2.653e+03,,,,,-2.604e+03,,,,,-2.542e+03,,,,,-2.447e+03,,,,,-2.410e+03,,,,,-2.349e+03,,,,,-2.328e+03,,,,,-2.294e+03,,,,,-2.298e+03,,,,,,,,,,,,,,,,,,,,,,,,,,,,,,,,,,,,,,,,,,,,,,,,,,,,,,,,,,,,,,,,,,,,,,,,,,,
5600,,,,,,,,,,,,,,,,,,,,,,,,,,-3.545e+03,,,,,-3.519e+03,,,,,-3.474e+03,,,,,-3.404e+03,,,,,-3.316e+03,,,,,-3.247e+03,,,,,-3.177e+03,,,,,-3.124e+03,,,,,-3.073e+03,,,,,-3.032e+03,,,,,-2.972e+03,,,,,-2.903e+03,,,,,-2.857e+03,,,,,-2.798e+03,,,,,-2.715e+03,,,,,-2.608e+03,,,,,-2.562e+03,,,,,-2.510e+03,,,,,-2.492e+03,,,,,-2.463e+03,,,,,-2.460e+03,,,,,,,,,,,,,,,,,,,,,,,,,,,,,,,,,,,,,,,,,,,,,,,,,,,,,,,,,,,,,,,,,,,,,,,,,,,
5700,,,,,,,,,,,,,,,,,,,,,,,,,,-3.711e+03,,,,,-3.681e+03,,,,,-3.645e+03,,,,,-3.601e+03,,,,,-3.511e+03,,,,,-3.465e+03,,,,,-3.340e+03,,,,,-3.285e+03,,,,,-3.239e+03,,,,,-3.173e+03,,,,,-3.114e+03,,,,,-3.071e+03,,,,,-3.028e+03,,,,,-2.934e+03,,,,,-2.865e+03,,,,,-2.771e+03,,,,,-2.768e+03,,,,,-2.687e+03,,,,,-2.648e+03,,,,,-2.666e+03,,,,,-2.620e+03,,,,,,,,,,,,,,,,,,,,,,,,,,,,,,,,,,,,,,,,,,,,,,,,,,,,,,,,,,,,,,,,,,,,,,,,,,,
5800,,,,,,,,,,,,,,,,,,,,,,,,,,-3.860e+03,,,,,-3.846e+03,,,,,-3.762e+03,,,,,-3.764e+03,,,,,-3.699e+03,,,,,-3.556e+03,,,,,-3.518e+03,,,,,-3.463e+03,,,,,-3.387e+03,,,,,-3.329e+03,,,,,-3.284e+03,,,,,-3.247e+03,,,,,-3.155e+03,,,,,-3.107e+03,,,,,-3.043e+03,,,,,-2.983e+03,,,,,-2.887e+03,,,,,-2.856e+03,,,,,-2.833e+03,,,,,-2.824e+03,,,,,-2.821e+03,,,,,,,,,,,,,,,,,,,,,,,,,,,,,,,,,,,,,,,,,,,,,,,,,,,,,,,,,,,,,,,,,,,,,,,,,,,
5900,,,,,,,,,,,,,,,,,,,,,,,,,,-4.039e+03,,,,,-3.923e+03,,,,,-3.935e+03,,,,,-3.906e+03,,,,,-3.869e+03,,,,,-3.765e+03,,,,,-3.704e+03,,,,,-3.635e+03,,,,,-3.562e+03,,,,,-3.519e+03,,,,,-3.471e+03,,,,,-3.405e+03,,,,,-3.359e+03,,,,,-3.300e+03,,,,,-3.240e+03,,,,,-3.157e+03,,,,,-3.100e+03,,,,,-3.021e+03,,,,,-3.000e+03,,,,,-2.998e+03,,,,,-2.994e+03,,,,,,,,,,,,,,,,,,,,,,,,,,,,,,,,,,,,,,,,,,,,,,,,,,,,,,,,,,,,,,,,,,,,,,,,,,,
6000,,,,,,,,,,,,,,,,,,,,,,,,,,-4.122e+03,,,,,-4.102e+03,,,,,-4.092e+03,,,,,-4.065e+03,,,,,-4.011e+03,,,,,-3.946e+03,,,,,-3.883e+03,,,,,-3.794e+03,,,,,-3.713e+03,,,,,-3.666e+03,,,,,-3.615e+03,,,,,-3.560e+03,,,,,-3.493e+03,,,,,-3.437e+03,,,,,-3.375e+03,,,,,-3.305e+03,,,,,-3.236e+03,,,,,-3.173e+03,,,,,-3.153e+03,,,,,-3.154e+03,,,,,-3.157e+03,,,,,,,,,,,,,,,,,,,,,,,,,,,,,,,,,,,,,,,,,,,,,,,,,,,,,,,,,,,,,,,,,,,,,,,,,,,
6100,,,,,,,,,,,,,,,,,,,,,,,,,,-4.320e+03,,,,,-4.268e+03,,,,,-4.240e+03,,,,,-4.216e+03,,,,,-4.168e+03,,,,,-4.118e+03,,,,,-4.067e+03,,,,,-3.974e+03,,,,,-3.896e+03,,,,,-3.821e+03,,,,,-3.765e+03,,,,,-3.702e+03,,,,,-3.653e+03,,,,,-3.593e+03,,,,,-3.529e+03,,,,,-3.462e+03,,,,,,,,,,,,,,,,,,,,,,,,,,,,,,,,,,,,,,,,,,,,,,,,,,,,,,,,,,,,,,,,,,,,,,,,,,,,,,,,,,,,,,,,,,,,,,,,,,,,
6200,,,,,,,,,,,,,,,,,,,,,,,,,,-4.456e+03,,,,,-4.413e+03,,,,,-4.399e+03,,,,,-4.358e+03,,,,,-4.284e+03,,,,,-4.254e+03,,,,,-4.210e+03,,,,,-4.123e+03,,,,,-4.049e+03,,,,,-3.990e+03,,,,,-3.922e+03,,,,,-3.880e+03,,,,,-3.796e+03,,,,,-3.747e+03,,,,,-3.687e+03,,,,,-3.623e+03,,,,,,,,,,,,,,,,,,,,,,,,,,,,,,,,,,,,,,,,,,,,,,,,,,,,,,,,,,,,,,,,,,,,,,,,,,,,,,,,,,,,,,,,,,,,,,,,,,,,
6300,,,,,,,,,,,,,,,,,,,,,,,,,,-4.621e+03,,,,,-4.531e+03,,,,,-4.559e+03,,,,,-4.484e+03,,,,,-4.464e+03,,,,,-4.401e+03,,,,,-4.356e+03,,,,,-4.280e+03,,,,,-4.214e+03,,,,,-4.134e+03,,,,,-4.092e+03,,,,,-4.021e+03,,,,,-3.975e+03,,,,,-3.904e+03,,,,,-3.864e+03,,,,,-3.776e+03,,,,,,,,,,,,,,,,,,,,,,,,,,,,,,,,,,,,,,,,,,,,,,,,,,,,,,,,,,,,,,,,,,,,,,,,,,,,,,,,,,,,,,,,,,,,,,,,,,,,
6400,,,,,,,,,,,,,,,,,,,,,,,,,,-4.778e+03,,,,,-4.650e+03,,,,,-4.714e+03,,,,,-4.681e+03,,,,,-4.608e+03,,,,,-4.501e+03,,,,,-4.503e+03,,,,,-4.431e+03,,,,,-4.385e+03,,,,,-4.307e+03,,,,,-4.232e+03,,,,,-4.186e+03,,,,,-4.120e+03,,,,,-4.063e+03,,,,,-4.013e+03,,,,,-3.956e+03,,,,,,,,,,,,,,,,,,,,,,,,,,,,,,,,,,,,,,,,,,,,,,,,,,,,,,,,,,,,,,,,,,,,,,,,,,,,,,,,,,,,,,,,,,,,,,,,,,,,
6500,,,,,,,,,,,,,,,,,,,,,,,,,,-4.965e+03,,,,,-4.824e+03,,,,,-4.816e+03,,,,,-4.801e+03,,,,,-4.766e+03,,,,,-4.686e+03,,,,,-4.625e+03,,,,,-4.579e+03,,,,,-4.529e+03,,,,,-4.470e+03,,,,,-4.395e+03,,,,,-4.341e+03,,,,,-4.282e+03,,,,,-4.226e+03,,,,,-4.175e+03,,,,,-4.102e+03,,,,,,,,,,,,,,,,,,,,,,,,,,,,,,,,,,,,,,,,,,,,,,,,,,,,,,,,,,,,,,,,,,,,,,,,,,,,,,,,,,,,,,,,,,,,,,,,,,,,
6600,,,,,,,,,,,,,,,,,,,,,,,,,,-5.134e+03,,,,,-5.032e+03,,,,,-4.897e+03,,,,,-4.940e+03,,,,,-4.905e+03,,,,,-4.846e+03,,,,,-4.710e+03,,,,,-4.739e+03,,,,,-4.670e+03,,,,,-4.617e+03,,,,,-4.537e+03,,,,,-4.471e+03,,,,,-4.426e+03,,,,,-4.359e+03,,,,,-4.336e+03,,,,,-4.256e+03,,,,,,,,,,,,,,,,,,,,,,,,,,,,,,,,,,,,,,,,,,,,,,,,,,,,,,,,,,,,,,,,,,,,,,,,,,,,,,,,,,,,,,,,,,,,,,,,,,,,
6700,,,,,,,,,,,,,,,,,,,,,,,,,,-5.307e+03,,,,,-5.190e+03,,,,,-5.191e+03,,,,,-5.110e+03,,,,,-4.996e+03,,,,,-4.977e+03,,,,,-4.901e+03,,,,,-4.886e+03,,,,,-4.828e+03,,,,,-4.754e+03,,,,,-4.703e+03,,,,,-4.633e+03,,,,,-4.572e+03,,,,,-4.528e+03,,,,,-4.482e+03,,,,,-4.408e+03,,,,,,,,,,,,,,,,,,,,,,,,,,,,,,,,,,,,,,,,,,,,,,,,,,,,,,,,,,,,,,,,,,,,,,,,,,,,,,,,,,,,,,,,,,,,,,,,,,,,
6800,,,,,,,,,,,,,,,,,,,,,,,,,,-5.466e+03,,,,,-5.253e+03,,,,,-5.343e+03,,,,,-5.096e+03,,,,,-5.195e+03,,,,,-5.114e+03,,,,,-5.064e+03,,,,,-4.987e+03,,,,,-4.975e+03,,,,,-4.896e+03,,,,,-4.840e+03,,,,,-4.776e+03,,,,,-4.715e+03,,,,,-4.670e+03,,,,,-4.624e+03,,,,,-4.550e+03,,,,,,,,,,,,,,,,,,,,,,,,,,,,,,,,,,,,,,,,,,,,,,,,,,,,,,,,,,,,,,,,,,,,,,,,,,,,,,,,,,,,,,,,,,,,,,,,,,,,
6900,,,,,,,,,,,,,,,,,,,,,,,,,,-5.613e+03,,,,,-5.485e+03,,,,,-5.281e+03,,,,,-5.225e+03,,,,,-5.326e+03,,,,,-5.276e+03,,,,,-5.166e+03,,,,,-5.138e+03,,,,,-5.111e+03,,,,,-5.072e+03,,,,,-4.979e+03,,,,,-4.935e+03,,,,,-4.859e+03,,,,,-4.832e+03,,,,,-4.765e+03,,,,,-4.727e+03,,,,,,,,,,,,,,,,,,,,,,,,,,,,,,,,,,,,,,,,,,,,,,,,,,,,,,,,,,,,,,,,,,,,,,,,,,,,,,,,,,,,,,,,,,,,,,,,,,,,
7000,,,,,,,,,,,,,,,,,,,,,,,,,,-5.396e+03,,,,,-5.658e+03,,,,,-5.518e+03,,,,,-5.419e+03,,,,,-5.359e+03,,,,,-5.410e+03,,,,,-5.381e+03,,,,,-5.287e+03,,,,,-5.245e+03,,,,,-5.208e+03,,,,,-5.111e+03,,,,,-5.065e+03,,,,,-5.008e+03,,,,,-4.972e+03,,,,,-4.893e+03,,,,,-4.858e+03,,,,,,,,,,,,,,,,,,,,,,,,,,,,,,,,,,,,,,,,,,,,,,,,,,,,,,,,,,,,,,,,,,,,,,,,,,,,,,,,,,,,,,,,,,,,,,,,,,,,
7100,,,,,,,,,,,,,,,,,,,,,,,,,,-5.664e+03,,,,,-5.807e+03,,,,,-5.759e+03,,,,,-5.579e+03,,,,,-5.530e+03,,,,,-5.565e+03,,,,,-5.531e+03,,,,,-5.360e+03,,,,,-5.399e+03,,,,,-5.348e+03,,,,,-5.251e+03,,,,,-5.219e+03,,,,,-5.155e+03,,,,,-5.110e+03,,,,,-5.058e+03,,,,,-5.002e+03,,,,,,,,,,,,,,,,,,,,,,,,,,,,,,,,,,,,,,,,,,,,,,,,,,,,,,,,,,,,,,,,,,,,,,,,,,,,,,,,,,,,,,,,,,,,,,,,,,,,
7200,,,,,,,,,,,,,,,,,,,,,,,,,,-5.864e+03,,,,,-5.761e+03,,,,,-5.828e+03,,,,,-5.734e+03,,,,,-5.672e+03,,,,,-5.542e+03,,,,,-5.679e+03,,,,,-5.536e+03,,,,,-5.554e+03,,,,,-5.481e+03,,,,,-5.393e+03,,,,,-5.355e+03,,,,,-5.289e+03,,,,,-5.275e+03,,,,,-5.195e+03,,,,,-5.141e+03,,,,,,,,,,,,,,,,,,,,,,,,,,,,,,,,,,,,,,,,,,,,,,,,,,,,,,,,,,,,,,,,,,,,,,,,,,,,,,,,,,,,,,,,,,,,,,,,,,,,
7300,,,,,,,,,,,,,,,,,,,,,,,,,,-6.056e+03,,,,,-5.935e+03,,,,,-6.003e+03,,,,,-5.914e+03,,,,,-5.820e+03,,,,,-5.711e+03,,,,,-5.816e+03,,,,,-5.672e+03,,,,,-5.693e+03,,,,,-5.631e+03,,,,,-5.537e+03,,,,,-5.489e+03,,,,,-5.443e+03,,,,,-5.409e+03,,,,,-5.331e+03,,,,,-5.282e+03,,,,,,,,,,,,,,,,,,,,,,,,,,,,,,,,,,,,,,,,,,,,,,,,,,,,,,,,,,,,,,,,,,,,,,,,,,,,,,,,,,,,,,,,,,,,,,,,,,,,
7400,,,,,,,,,,,,,,,,,,,,,,,,,,-6.226e+03,,,,,-6.113e+03,,,,,-5.868e+03,,,,,-6.055e+03,,,,,-5.967e+03,,,,,-5.876e+03,,,,,-5.773e+03,,,,,-5.833e+03,,,,,-5.836e+03,,,,,-5.769e+03,,,,,-5.689e+03,,,,,-5.625e+03,,,,,-5.573e+03,,,,,-5.539e+03,,,,,-5.491e+03,,,,,-5.412e+03,,,,,,,,,,,,,,,,,,,,,,,,,,,,,,,,,,,,,,,,,,,,,,,,,,,,,,,,,,,,,,,,,,,,,,,,,,,,,,,,,,,,,,,,,,,,,,,,,,,,
7500,,,,,,,,,,,,,,,,,,,,,,,,,,-6.387e+03,,,,,-6.042e+03,,,,,-6.134e+03,,,,,-6.212e+03,,,,,-6.154e+03,,,,,-6.040e+03,,,,,-5.971e+03,,,,,-5.988e+03,,,,,-5.953e+03,,,,,-5.902e+03,,,,,-5.834e+03,,,,,-5.769e+03,,,,,-5.709e+03,,,,,-5.672e+03,,,,,-5.625e+03,,,,,-5.546e+03,,,,,,,,,,,,,,,,,,,,,,,,,,,,,,,,,,,,,,,,,,,,,,,,,,,,,,,,,,,,,,,,,,,,,,,,,,,,,,,,,,,,,,,,,,,,,,,,,,,,
7600,,,,,,,,,,,,,,,,,,,,,,,,,,-6.537e+03,,,,,-6.218e+03,,,,,-6.361e+03,,,,,-6.270e+03,,,,,-6.326e+03,,,,,-6.181e+03,,,,,-6.118e+03,,,,,-6.057e+03,,,,,-6.092e+03,,,,,-6.043e+03,,,,,-5.963e+03,,,,,-5.909e+03,,,,,-5.842e+03,,,,,-5.802e+03,,,,,-5.755e+03,,,,,-5.708e+03,,,,,,,,,,,,,,,,,,,,,,,,,,,,,,,,,,,,,,,,,,,,,,,,,,,,,,,,,,,,,,,,,,,,,,,,,,,,,,,,,,,,,,,,,,,,,,,,,,,,
7700,,,,,,,,,,,,,,,,,,,,,,,,,,-6.344e+03,,,,,-6.565e+03,,,,,-6.376e+03,,,,,-6.451e+03,,,,,-6.443e+03,,,,,-6.364e+03,,,,,-6.178e+03,,,,,-6.221e+03,,,,,-6.236e+03,,,,,-6.176e+03,,,,,-6.100e+03,,,,,-6.064e+03,,,,,-5.980e+03,,,,,-5.970e+03,,,,,-5.891e+03,,,,,-5.841e+03,,,,,,,,,,,,,,,,,,,,,,,,,,,,,,,,,,,,,,,,,,,,,,,,,,,,,,,,,,,,,,,,,,,,,,,,,,,,,,,,,,,,,,,,,,,,,,,,,,,,
7800,,,,,,,,,,,,,,,,,,,,,,,,,,-6.346e+03,,,,,-6.764e+03,,,,,-6.672e+03,,,,,-6.616e+03,,,,,-6.195e+03,,,,,-6.503e+03,,,,,-6.377e+03,,,,,-6.363e+03,,,,,-6.312e+03,,,,,-6.308e+03,,,,,-6.240e+03,,,,,-6.189e+03,,,,,-6.132e+03,,,,,-6.094e+03,,,,,-6.015e+03,,,,,-5.970e+03,,,,,,,,,,,,,,,,,,,,,,,,,,,,,,,,,,,,,,,,,,,,,,,,,,,,,,,,,,,,,,,,,,,,,,,,,,,,,,,,,,,,,,,,,,,,,,,,,,,,
7900,,,,,,,,,,,,,,,,,,,,,,,,,,-6.549e+03,,,,,-6.903e+03,,,,,-6.799e+03,,,,,-6.757e+03,,,,,-6.546e+03,,,,,-6.650e+03,,,,,-6.557e+03,,,,,-6.455e+03,,,,,-6.463e+03,,,,,-6.440e+03,,,,,-6.371e+03,,,,,-6.333e+03,,,,,-6.274e+03,,,,,-6.223e+03,,,,,-6.187e+03,,,,,-6.101e+03,,,,,,,,,,,,,,,,,,,,,,,,,,,,,,,,,,,,,,,,,,,,,,,,,,,,,,,,,,,,,,,,,,,,,,,,,,,,,,,,,,,,,,,,,,,,,,,,,,,,
8000,,,,,,,,,,,,,,,,,,,,,,,,,,-6.734e+03,,,,,-6.443e+03,,,,,-6.948e+03,,,,,-6.899e+03,,,,,-6.722e+03,,,,,-6.427e+03,,,,,-6.730e+03,,,,,-6.580e+03,,,,,-6.602e+03,,,,,-6.558e+03,,,,,-6.509e+03,-6.434e+03,-6.419e+03,-6.411e+03,-6.411e+03,-6.464e+03,-6.403e+03,-6.359e+03,-6.357e+03,-6.344e+03,-6.399e+03,,,,,-6.385e+03,,,,,-6.308e+03,,,,,-6.230e+03,,,,,,,,,,,,,,,,,,,,,,,,,,,,,,,,,,,,,,,,,,,,,,,,,,,,,,,,,,,,,,,,,,,,,,,,,,,,,,,,,,,,,,,,,,,,,,,,,,,,
8100,,,,,,,,,,,,,,,,,,,,,,,,,,,,,,,,,,,,,,,,,,,,,,,,,,,,,,,,,,,,,-6.759e+03,,,,,-6.794e+03,,,,,-6.710e+03,,,,,-6.642e+03,-6.579e+03,-6.549e+03,-6.543e+03,-6.539e+03,-6.593e+03,-6.530e+03,-6.495e+03,-6.491e+03,-6.480e+03,-6.535e+03,,,,,-6.508e+03,,,,,-6.430e+03,,,,,-6.359e+03,,,,,,,,,,,,,,,,,,,,,,,,,,,,,,,,,,,,,,,,,,,,,,,,,,,,,,,,,,,,,,,,,,,,,,,,,,,,,,,,,,,,,,,,,,,,,,,,,,,,
8200,,,,,,,,,,,,,,,,,,,,,,,,,,,,,,,,,,,,,,,,,,,,,,,,,,,,,,,,,,,,,-6.937e+03,,,,,-6.875e+03,,,,,-6.849e+03,,,,,-6.775e+03,-6.713e+03,-6.680e+03,-6.676e+03,-6.692e+03,-6.734e+03,-6.681e+03,-6.624e+03,-6.619e+03,-6.617e+03,-6.669e+03,,,,,-6.630e+03,,,,,-6.570e+03,,,,,-6.490e+03,,,,,,,,,,,,,,,,,,,,,,,,,,,,,,,,,,,,,,,,,,,,,,,,,,,,,,,,,,,,,,,,,,,,,,,,,,,,,,,,,,,,,,,,,,,,,,,,,,,,
8300,,,,,,,,,,,,,,,,,,,,,,,,,,,,,,,,,,,,,,,,,,,,,,,,,,,,,,,,,,,,,-6.990e+03,,,,,-7.014e+03,,,,,-6.982e+03,,,,,-6.940e+03,-6.880e+03,-6.816e+03,-6.809e+03,-6.816e+03,-6.876e+03,-6.808e+03,-6.794e+03,-6.793e+03,-6.783e+03,-6.833e+03,,,,,-6.755e+03,,,,,-6.721e+03,,,,,-6.700e+03,,,,,,,,,,,,,,,,,,,,,,,,,,,,,,,,,,,,,,,,,,,,,,,,,,,,,,,,,,,,,,,,,,,,,,,,,,,,,,,,,,,,,,,,,,,,,,,,,,,,
8400,,,,,,,,,,,,,,,,,,,,,,,,,,,,,,,,,,,,,,,,,,,,,,,,,,,,,,,,,,,,,-7.176e+03,,,,,-7.154e+03,,,,,-7.116e+03,,,,,-7.078e+03,-6.998e+03,-6.998e+03,-6.995e+03,-6.990e+03,-7.038e+03,-6.977e+03,-6.923e+03,-6.915e+03,-6.902e+03,-6.953e+03,,,,,-6.920e+03,,,,,-6.838e+03,,,,,-6.822e+03,,,,,,,,,,,,,,,,,,,,,,,,,,,,,,,,,,,,,,,,,,,,,,,,,,,,,,,,,,,,,,,,,,,,,,,,,,,,,,,,,,,,,,,,,,,,,,,,,,,,
8500,,,,,,,,,,,,,,,,,,,,,,,,,,,,,,,,,,,,,,,,,,,,,,,,,,,,,,,,,,,,,-7.293e+03,,,,,-7.220e+03,,,,,-7.255e+03,,,,,-7.214e+03,-7.156e+03,-7.132e+03,-7.126e+03,-7.129e+03,-7.166e+03,-7.119e+03,-7.044e+03,-7.043e+03,-7.023e+03,-7.082e+03,,,,,-7.054e+03,,,,,-7.010e+03,,,,,-6.960e+03,,,,,,,,,,,,,,,,,,,,,,,,,,,,,,,,,,,,,,,,,,,,,,,,,,,,,,,,,,,,,,,,,,,,,,,,,,,,,,,,,,,,,,,,,,,,,,,,,,,,
8600,,,,,,,,,,,,,,,,,,,,,,,,,,,,,,,,,,,,,,,,,,,,,,,,,,,,,,,,,,,,,-7.351e+03,,,,,-7.357e+03,,,,,-7.388e+03,,,,,-7.322e+03,-7.252e+03,-7.250e+03,-7.246e+03,-7.253e+03,-7.305e+03,-7.240e+03,-7.228e+03,-7.220e+03,-7.212e+03,-7.255e+03,,,,,-7.170e+03,,,,,-7.118e+03,,,,,-7.075e+03,,,,,,,,,,,,,,,,,,,,,,,,,,,,,,,,,,,,,,,,,,,,,,,,,,,,,,,,,,,,,,,,,,,,,,,,,,,,,,,,,,,,,,,,,,,,,,,,,,,,
8700,,,,,,,,,,,,,,,,,,,,,,,,,,,,,,,,,,,,,,,,,,,,,,,,,,,,,,,,,,,,,-7.490e+03,,,,,-7.464e+03,,,,,-7.498e+03,,,,,-7.451e+03,-7.387e+03,-7.382e+03,-7.379e+03,-7.367e+03,-7.419e+03,-7.367e+03,-7.344e+03,-7.342e+03,-7.327e+03,-7.378e+03,,,,,-7.363e+03,,,,,-7.249e+03,,,,,-7.251e+03,,,,,,,,,,,,,,,,,,,,,,,,,,,,,,,,,,,,,,,,,,,,,,,,,,,,,,,,,,,,,,,,,,,,,,,,,,,,,,,,,,,,,,,,,,,,,,,,,,,,
8800,,,,,,,,,,,,,,,,,,,,,,,,,,,,,,,,,,,,,,,,,,,,,,,,,,,,,,,,,,,,,-7.667e+03,,,,,-7.554e+03,,,,,-7.636e+03,,,,,-7.600e+03,-7.499e+03,-7.499e+03,-7.499e+03,-7.512e+03,-7.546e+03,-7.502e+03,-7.465e+03,-7.457e+03,-7.443e+03,-7.502e+03,,,,,-7.476e+03,,,,,-7.365e+03,,,,,-7.375e+03,,,,,,,,,,,,,,,,,,,,,,,,,,,,,,,,,,,,,,,,,,,,,,,,,,,,,,,,,,,,,,,,,,,,,,,,,,,,,,,,,,,,,,,,,,,,,,,,,,,,
8900,,,,,,,,,,,,,,,,,,,,,,,,,,,,,,,,,,,,,,,,,,,,,,,,,,,,,,,,,,,,,-7.672e+03,,,,,-7.737e+03,,,,,-7.761e+03,,,,,-7.706e+03,-7.657e+03,-7.657e+03,-7.649e+03,-7.638e+03,-7.687e+03,-7.629e+03,-7.612e+03,-7.608e+03,-7.597e+03,-7.639e+03,,,,,-7.602e+03,,,,,-7.556e+03,,,,,-7.499e+03,,,,,,,,,,,,,,,,,,,,,,,,,,,,,,,,,,,,,,,,,,,,,,,,,,,,,,,,,,,,,,,,,,,,,,,,,,,,,,,,,,,,,,,,,,,,,,,,,,,,
9000,,,,,,,,,,,,,,,,,,,,,,,,,,,,,,,,,,,,,,,,,,,,,,,,,,,,,,,,,,,,,-7.847e+03,,,,,-7.887e+03,,,,,-7.840e+03,,,,,-7.825e+03,-7.775e+03,-7.760e+03,-7.758e+03,-7.753e+03,-7.795e+03,-7.744e+03,-7.728e+03,-7.720e+03,-7.706e+03,-7.750e+03,,,,,-7.714e+03,,,,,-7.673e+03,,,,,-7.617e+03,,,,,,,,,,,,,,,,,,,,,,,,,,,,,,,,,,,,,,,,,,,,,,,,,,,,,,,,,,,,,,,,,,,,,,,,,,,,,,,,,,,,,,,,,,,,,,,,,,,,
9100,,,,,,,,,,,,,,,,,,,,,,,,,,,,,,,,,,,,,,,,,,,,,,,,,,,,,,,,,,,,,-7.936e+03,,,,,-7.880e+03,,,,,-7.979e+03,,,,,-7.931e+03,-7.875e+03,-7.884e+03,-7.882e+03,-7.863e+03,-7.895e+03,-7.854e+03,-7.854e+03,-7.849e+03,-7.828e+03,-7.877e+03,,,,,-7.851e+03,,,,,-7.790e+03,,,,,-7.728e+03,,,,,,,,,,,,,,,,,,,,,,,,,,,,,,,,,,,,,,,,,,,,,,,,,,,,,,,,,,,,,,,,,,,,,,,,,,,,,,,,,,,,,,,,,,,,,,,,,,,,
9200,,,,,,,,,,,,,,,,,,,,,,,,,,,,,,,,,,,,,,,,,,,,,,,,,,,,,,,,,,,,,-7.936e+03,,,,,-8.032e+03,,,,,-8.091e+03,,,,,-8.028e+03,-7.977e+03,-8.001e+03,-8.002e+03,-7.991e+03,-8.030e+03,-7.976e+03,-7.964e+03,-7.958e+03,-7.946e+03,-7.986e+03,,,,,-7.956e+03,,,,,-7.902e+03,,,,,-7.872e+03,,,,,,,,,,,,,,,,,,,,,,,,,,,,,,,,,,,,,,,,,,,,,,,,,,,,,,,,,,,,,,,,,,,,,,,,,,,,,,,,,,,,,,,,,,,,,,,,,,,,
9300,,,,,,,,,,,,,,,,,,,,,,,,,,,,,,,,,,,,,,,,,,,,,,,,,,,,,,,,,,,,,-8.141e+03,,,,,-8.211e+03,,,,,-8.179e+03,,,,,-8.165e+03,-8.125e+03,-8.107e+03,-8.103e+03,-8.101e+03,-8.142e+03,-8.098e+03,-8.083e+03,-8.077e+03,-8.069e+03,-8.108e+03,,,,,-8.078e+03,,,,,-8.049e+03,,,,,-7.997e+03,,,,,,,,,,,,,,,,,,,,,,,,,,,,,,,,,,,,,,,,,,,,,,,,,,,,,,,,,,,,,,,,,,,,,,,,,,,,,,,,,,,,,,,,,,,,,,,,,,,,
9400,,,,,,,,,,,,,,,,,,,,,,,,,,,,,,,,,,,,,,,,,,,,,,,,,,,,,,,,,,,,,-8.265e+03,,,,,-8.207e+03,,,,,-8.321e+03,,,,,-8.301e+03,-8.247e+03,-8.240e+03,-8.235e+03,-8.229e+03,-8.253e+03,-8.216e+03,-8.200e+03,-8.196e+03,-8.185e+03,-8.230e+03,,,,,-8.192e+03,,,,,-8.143e+03,,,,,-8.108e+03,,,,,,,,,,,,,,,,,,,,,,,,,,,,,,,,,,,,,,,,,,,,,,,,,,,,,,,,,,,,,,,,,,,,,,,,,,,,,,,,,,,,,,,,,,,,,,,,,,,,
9500,,,,,,,,,,,,,,,,,,,,,,,,,,,,,,,,,,,,,,,,,,,,,,,,,,,,,,,,,,,,,-8.307e+03,,,,,-8.362e+03,,,,,-8.449e+03,,,,,-8.388e+03,-8.354e+03,-8.361e+03,-8.355e+03,-8.343e+03,-8.383e+03,-8.333e+03,-8.328e+03,-8.321e+03,-8.314e+03,-8.351e+03,,,,,-8.315e+03,,,,,-8.278e+03,,,,,-8.224e+03,,,,,,,,,,,,,,,,,,,,,,,,,,,,,,,,,,,,,,,,,,,,,,,,,,,,,,,,,,,,,,,,,,,,,,,,,,,,,,,,,,,,,,,,,,,,,,,,,,,,
9600,,,,,,,,,,,,,,,,,,,,,,,,,,,,,,,,,,,,,,,,,,,,,,,,,,,,,,,,,,,,,-8.573e+03,,,,,-8.505e+03,,,,,-8.488e+03,,,,,-8.527e+03,-8.474e+03,-8.465e+03,-8.458e+03,-8.455e+03,-8.488e+03,-8.448e+03,-8.444e+03,-8.441e+03,-8.429e+03,-8.465e+03,,,,,-8.420e+03,,,,,-8.389e+03,,,,,-8.344e+03,,,,,,,,,,,,,,,,,,,,,,,,,,,,,,,,,,,,,,,,,,,,,,,,,,,,,,,,,,,,,,,,,,,,,,,,,,,,,,,,,,,,,,,,,,,,,,,,,,,,
9700,,,,,,,,,,,,,,,,,,,,,,,,,,,,,,,,,,,,,,,,,,,,,,,,,,,,,,,,,,,,,-8.567e+03,,,,,-8.546e+03,,,,,-8.634e+03,,,,,-8.652e+03,-8.605e+03,-8.579e+03,-8.578e+03,-8.571e+03,-8.632e+03,-8.599e+03,-8.590e+03,-8.587e+03,-8.544e+03,-8.585e+03,,,,,-8.535e+03,,,,,-8.507e+03,,,,,-8.461e+03,,,,,,,,,,,,,,,,,,,,,,,,,,,,,,,,,,,,,,,,,,,,,,,,,,,,,,,,,,,,,,,,,,,,,,,,,,,,,,,,,,,,,,,,,,,,,,,,,,,,
9800,,,,,,,,,,,,,,,,,,,,,,,,,,,,,,,,,,,,,,,,,,,,,,,,,,,,,,,,,,,,,-8.606e+03,,,,,-8.756e+03,,,,,-8.764e+03,,,,,-8.764e+03,-8.717e+03,-8.710e+03,-8.706e+03,-8.698e+03,-8.764e+03,-8.715e+03,-8.701e+03,-8.694e+03,-8.685e+03,-8.719e+03,,,,,-8.652e+03,,,,,-8.611e+03,,,,,-8.571e+03,,,,,,,,,,,,,,,,,,,,,,,,,,,,,,,,,,,,,,,,,,,,,,,,,,,,,,,,,,,,,,,,,,,,,,,,,,,,,,,,,,,,,,,,,,,,,,,,,,,,
9900,,,,,,,,,,,,,,,,,,,,,,,,,,,,,,,,,,,,,,,,,,,,,,,,,,,,,,,,,,,,,-8.812e+03,,,,,-8.893e+03,,,,,-8.874e+03,,,,,-8.893e+03,-8.859e+03,-8.850e+03,-8.844e+03,-8.836e+03,-8.864e+03,-8.824e+03,-8.815e+03,-8.809e+03,-8.794e+03,-8.829e+03,,,,,-8.792e+03,,,,,-8.731e+03,,,,,-8.696e+03,,,,,,,,,,,,,,,,,,,,,,,,,,,,,,,,,,,,,,,,,,,,,,,,,,,,,,,,,,,,,,,,,,,,,,,,,,,,,,,,,,,,,,,,,,,,,,,,,,,,
10000,,,,,,,,,,,,,,,,,,,,,,,,,,,,,,,,,,,,,,,,,,,,,,,,,,,,,,,,,,,,,-8.988e+03,,,,,-8.826e+03,,,,,-9.017e+03,,,,,-9.003e+03,-8.978e+03,-8.972e+03,-8.967e+03,-8.952e+03,-8.983e+03,-8.943e+03,-8.945e+03,-8.939e+03,-8.911e+03,-8.950e+03,,,,,-8.890e+03,,,,,-8.844e+03,,,,,-8.796e+03,,,,,,,,,,,,,,,,,,,,,,,,,,,,,,,,,,,,,,,,,,,,,,,,,,,,,,,,,,,,,,,,,,,,,,,,,,,,,,,,,,,,,,,,,,,,,,,,,,,,
10100,,,,,,,,,,,,,,,,,,,,,,,,,,,,,,,,,,,,,,,,,,,,,,,,,,,,,,,,,,,,,-8.506e+03,,,,,-9.040e+03,,,,,-8.965e+03,,,,,-9.088e+03,-9.060e+03,-9.077e+03,-9.072e+03,-9.071e+03,-9.102e+03,-9.060e+03,-9.051e+03,-9.047e+03,-9.038e+03,-9.071e+03,,,,,-9.011e+03,,,,,-8.958e+03,,,,,-8.921e+03,,,,,,,,,,,,,,,,,,,,,,,,,,,,,,,,,,,,,,,,,,,,,,,,,,,,,,,,,,,,,,,,,,,,,,,,,,,,,,,,,,,,,,,,,,,,,,,,,,,,
10200,,,,,,,,,,,,,,,,,,,,,,,,,,,,,,,,,,,,,,,,,,,,,,,,,,,,,,,,,,,,,-8.964e+03,,,,,-8.838e+03,,,,,-9.028e+03,,,,,-9.217e+03,-9.186e+03,-9.170e+03,-9.165e+03,-9.165e+03,-9.190e+03,-9.154e+03,-9.170e+03,-9.164e+03,-9.148e+03,-9.184e+03,,,,,-9.125e+03,,,,,-9.078e+03,,,,,-9.032e+03,,,,,,,,,,,,,,,,,,,,,,,,,,,,,,,,,,,,,,,,,,,,,,,,,,,,,,,,,,,,,,,,,,,,,,,,,,,,,,,,,,,,,,,,,,,,,,,,,,,,
10300,,,,,,,,,,,,,,,,,,,,,,,,,,,,,,,,,,,,,,,,,,,,,,,,,,,,,,,,,,,,,-9.159e+03,,,,,-8.716e+03,,,,,-9.185e+03,,,,,-9.348e+03,-9.306e+03,-9.283e+03,-9.277e+03,-9.271e+03,-9.299e+03,-9.264e+03,-9.287e+03,-9.280e+03,-9.267e+03,-9.300e+03,,,,,-9.278e+03,,,,,-9.197e+03,,,,,-9.148e+03,,,,,,,,,,,,,,,,,,,,,,,,,,,,,,,,,,,,,,,,,,,,,,,,,,,,,,,,,,,,,,,,,,,,,,,,,,,,,,,,,,,,,,,,,,,,,,,,,,,,
10400,,,,,,,,,,,,,,,,,,,,,,,,,,,,,,,,,,,,,,,,,,,,,,,,,,,,,,,,,,,,,-8.992e+03,,,,,-9.056e+03,,,,,-9.334e+03,,,,,-9.405e+03,-9.410e+03,-9.407e+03,-9.405e+03,-9.394e+03,-9.424e+03,-9.388e+03,-9.378e+03,-9.375e+03,-9.372e+03,-9.400e+03,,,,,-9.379e+03,,,,,-9.311e+03,,,,,-9.276e+03,,,,,,,,,,,,,,,,,,,,,,,,,,,,,,,,,,,,,,,,,,,,,,,,,,,,,,,,,,,,,,,,,,,,,,,,,,,,,,,,,,,,,,,,,,,,,,,,,,,,
10500,,,,,,,,,,,,,,,,,,,,,,,,,,,,,,,,,,,,,,,,,,,,,,,,,,,,,,,,,,,,,-9.506e+03,,,,,-9.383e+03,,,,,-9.342e+03,,,,,-9.545e+03,-9.516e+03,-9.389e+03,-9.347e+03,-9.363e+03,-9.395e+03,-9.365e+03,-9.502e+03,-9.494e+03,-9.484e+03,-9.512e+03,,,,,-9.494e+03,,,,,-9.426e+03,,,,,-9.398e+03,,,,,,,,,,,,,,,,,,,,,,,,,,,,,,,,,,,,,,,,,,,,,,,,,,,,,,,,,,,,,,,,,,,,,,,,,,,,,,,,,,,,,,,,,,,,,,,,,,,,
10600,,,,,,,,,,,,,,,,,,,,,,,,,,,,,,,,,,,,,,,,,,,,,,,,,,,,,,,,,,,,,-9.362e+03,,,,,-9.031e+03,,,,,-9.426e+03,,,,,-9.675e+03,-9.512e+03,-9.492e+03,-9.479e+03,-9.494e+03,-9.552e+03,-9.532e+03,-9.506e+03,-9.503e+03,-9.508e+03,-9.633e+03,,,,,-9.606e+03,,,,,-9.566e+03,,,,,-9.503e+03,,,,,,,,,,,,,,,,,,,,,,,,,,,,,,,,,,,,,,,,,,,,,,,,,,,,,,,,,,,,,,,,,,,,,,,,,,,,,,,,,,,,,,,,,,,,,,,,,,,,
10700,,,,,,,,,,,,,,,,,,,,,,,,,,,,,,,,,,,,,,,,,,,,,,,,,,,,,,,,,,,,,-9.254e+03,,,,,-9.425e+03,,,,,-9.580e+03,,,,,-9.464e+03,-9.467e+03,-9.662e+03,-9.661e+03,-9.673e+03,-9.701e+03,-9.675e+03,-9.589e+03,-9.586e+03,-9.606e+03,-9.626e+03,,,,,-9.726e+03,,,,,-9.681e+03,,,,,-9.647e+03,,,,,,,,,,,,,,,,,,,,,,,,,,,,,,,,,,,,,,,,,,,,,,,,,,,,,,,,,,,,,,,,,,,,,,,,,,,,,,,,,,,,,,,,,,,,,,,,,,,,
10800,,,,,,,,,,,,,,,,,,,,,,,,,,,,,,,,,,,,,,,,,,,,,,,,,,,,,,,,,,,,,-9.564e+03,,,,,-9.722e+03,,,,,-9.501e+03,,,,,-9.651e+03,-9.767e+03,-9.738e+03,-9.736e+03,-9.758e+03,-9.788e+03,-9.765e+03,-9.730e+03,-9.727e+03,-9.739e+03,-9.736e+03,,,,,-9.795e+03,,,,,-9.792e+03,,,,,-9.756e+03,,,,,,,,,,,,,,,,,,,,,,,,,,,,,,,,,,,,,,,,,,,,,,,,,,,,,,,,,,,,,,,,,,,,,,,,,,,,,,,,,,,,,,,,,,,,,,,,,,,,
10900,,,,,,,,,,,,,,,,,,,,,,,,,,,,,,,,,,,,,,,,,,,,,,,,,,,,,,,,,,,,,-9.739e+03,,,,,-9.340e+03,,,,,-9.624e+03,,,,,-9.789e+03,-9.819e+03,-9.901e+03,-9.898e+03,-9.822e+03,-9.836e+03,-9.820e+03,-9.924e+03,-9.918e+03,-9.860e+03,-9.883e+03,,,,,-9.912e+03,,,,,-9.903e+03,,,,,-9.873e+03,,,,,,,,,,,,,,,,,,,,,,,,,,,,,,,,,,,,,,,,,,,,,,,,,,,,,,,,,,,,,,,,,,,,,,,,,,,,,,,,,,,,,,,,,,,,,,,,,,,,
11000,,,,,,,,,,,,,,,,,,,,,,,,,,,,,,,,,,,,,,,,,,,,,,,,,,,,,,,,,,,,,-9.501e+03,,,,,-9.504e+03,,,,,-9.818e+03,,,,,-9.833e+03,-9.832e+03,-1.004e+04,-1.004e+04,-1.004e+04,-9.995e+03,-9.969e+03,-1.002e+04,-1.001e+04,-1.002e+04,-1.005e+04,,,,,-1.003e+04,,,,,-1.000e+04,,,,,-9.981e+03,,,,,,,,,,,,,,,,,,,,,,,,,,,,,,,,,,,,,,,,,,,,,,,,,,,,,,,,,,,,,,,,,,,,,,,,,,,,,,,,,,,,,,,,,,,,,,,,,,,,
11100,,,,,,,,,,,,,,,,,,,,,,,,,,,,,,,,,,,,,,,,,,,,,,,,,,,,,,,,,,,,,-9.861e+03,,,,,-1.006e+04,,,,,-1.005e+04,,,,,-1.001e+04,-9.985e+03,-1.010e+04,-1.007e+04,-1.010e+04,-1.010e+04,-1.008e+04,-1.013e+04,-1.012e+04,-1.013e+04,-1.015e+04,,,,,-1.014e+04,,,,,-1.012e+04,,,,,-1.012e+04,,,,,,,,,,,,,,,,,,,,,,,,,,,,,,,,,,,,,,,,,,,,,,,,,,,,,,,,,,,,,,,,,,,,,,,,,,,,,,,,,,,,,,,,,,,,,,,,,,,,
11200,,,,,,,,,,,,,,,,,,,,,,,,,,,,,,,,,,,,,,,,,,,,,,,,,,,,,,,,,,,,,-1.011e+04,,,,,-9.623e+03,,,,,-1.026e+04,,,,,-1.022e+04,-1.028e+04,-1.026e+04,-1.026e+04,-1.025e+04,-1.025e+04,-1.021e+04,-1.025e+04,-1.025e+04,-1.025e+04,-1.027e+04,,,,,-1.024e+04,,,,,-1.023e+04,,,,,-1.023e+04,,,,,,,,,,,,,,,,,,,,,,,,,,,,,,,,,,,,,,,,,,,,,,,,,,,,,,,,,,,,,,,,,,,,,,,,,,,,,,,,,,,,,,,,,,,,,,,,,,,,
11300,,,,,,,,,,,,,,,,,,,,,,,,,,,,,,,,,,,,,,,,,,,,,,,,,,,,,,,,,,,,,-1.004e+04,,,,,-9.879e+03,,,,,-1.046e+04,,,,,-1.041e+04,-1.039e+04,-1.039e+04,-1.039e+04,-1.036e+04,-1.038e+04,-1.035e+04,-1.034e+04,-1.034e+04,-1.035e+04,-1.037e+04,,,,,-1.036e+04,,,,,-1.038e+04,,,,,-1.035e+04,,,,,,,,,,,,,,,,,,,,,,,,,,,,,,,,,,,,,,,,,,,,,,,,,,,,,,,,,,,,,,,,,,,,,,,,,,,,,,,,,,,,,,,,,,,,,,,,,,,,
11400,,,,,,,,,,,,,,,,,,,,,,,,,,,,,,,,,,,,,,,,,,,,,,,,,,,,,,,,,,,,,-1.026e+04,,,,,-1.042e+04,,,,,-1.031e+04,,,,,-1.055e+04,-1.052e+04,-1.042e+04,-1.042e+04,-1.043e+04,-1.046e+04,-1.043e+04,-1.048e+04,-1.047e+04,-1.047e+04,-1.048e+04,,,,,-1.048e+04,,,,,-1.047e+04,,,,,-1.045e+04,,,,,,,,,,,,,,,,,,,,,,,,,,,,,,,,,,,,,,,,,,,,,,,,,,,,,,,,,,,,,,,,,,,,,,,,,,,,,,,,,,,,,,,,,,,,,,,,,,,,
11500,,,,,,,,,,,,,,,,,,,,,,,,,,,,,,,,,,,,,,,,,,,,,,,,,,,,,,,,,,,,,-1.053e+04,,,,,-1.029e+04,,,,,-1.047e+04,,,,,-1.068e+04,-1.066e+04,-1.059e+04,-1.059e+04,-1.060e+04,-1.056e+04,-1.054e+04,-1.060e+04,-1.060e+04,-1.058e+04,-1.061e+04,,,,,-1.061e+04,,,,,-1.059e+04,,,,,-1.056e+04,,,,,,,,,,,,,,,,,,,,,,,,,,,,,,,,,,,,,,,,,,,,,,,,,,,,,,,,,,,,,,,,,,,,,,,,,,,,,,,,,,,,,,,,,,,,,,,,,,,,
11600,,,,,,,,,,,,,,,,,,,,,,,,,,,,,,,,,,,,,,,,,,,,,,,,,,,,,,,,,,,,,-1.012e+04,,,,,-1.053e+04,,,,,-1.061e+04,,,,,-1.069e+04,-1.069e+04,-1.069e+04,-1.069e+04,-1.068e+04,-1.070e+04,-1.068e+04,-1.067e+04,-1.067e+04,-1.067e+04,-1.070e+04,,,,,-1.072e+04,,,,,-1.070e+04,,,,,-1.066e+04,,,,,,,,,,,,,,,,,,,,,,,,,,,,,,,,,,,,,,,,,,,,,,,,,,,,,,,,,,,,,,,,,,,,,,,,,,,,,,,,,,,,,,,,,,,,,,,,,,,,
11700,,,,,,,,,,,,,,,,,,,,,,,,,,,,,,,,,,,,,,,,,,,,,,,,,,,,,,,,,,,,,-1.029e+04,,,,,-1.028e+04,,,,,-1.032e+04,,,,,-1.085e+04,-1.083e+04,-1.076e+04,-1.076e+04,-1.078e+04,-1.080e+04,-1.079e+04,-1.081e+04,-1.080e+04,-1.080e+04,-1.081e+04,,,,,-1.084e+04,,,,,-1.081e+04,,,,,-1.078e+04,,,,,,,,,,,,,,,,,,,,,,,,,,,,,,,,,,,,,,,,,,,,,,,,,,,,,,,,,,,,,,,,,,,,,,,,,,,,,,,,,,,,,,,,,,,,,,,,,,,,
11800,,,,,,,,,,,,,,,,,,,,,,,,,,,,,,,,,,,,,,,,,,,,,,,,,,,,,,,,,,,,,-1.039e+04,,,,,-1.031e+04,,,,,-1.068e+04,,,,,-1.082e+04,-1.093e+04,-1.090e+04,-1.090e+04,-1.092e+04,-1.090e+04,-1.089e+04,-1.093e+04,-1.092e+04,-1.092e+04,-1.094e+04,,,,,-1.095e+04,,,,,-1.090e+04,,,,,-1.089e+04,,,,,,,,,,,,,,,,,,,,,,,,,,,,,,,,,,,,,,,,,,,,,,,,,,,,,,,,,,,,,,,,,,,,,,,,,,,,,,,,,,,,,,,,,,,,,,,,,,,,
11900,,,,,,,,,,,,,,,,,,,,,,,,,,,,,,,,,,,,,,,,,,,,,,,,,,,,,,,,,,,,,-1.032e+04,,,,,-1.067e+04,,,,,-1.080e+04,,,,,-1.089e+04,-1.095e+04,-1.104e+04,-1.104e+04,-1.104e+04,-1.105e+04,-1.103e+04,-1.097e+04,-1.097e+04,-1.100e+04,-1.101e+04,,,,,-1.105e+04,,,,,-1.103e+04,,,,,-1.099e+04,,,,,,,,,,,,,,,,,,,,,,,,,,,,,,,,,,,,,,,,,,,,,,,,,,,,,,,,,,,,,,,,,,,,,,,,,,,,,,,,,,,,,,,,,,,,,,,,,,,,
12000,,,,,,,,,,,,,,,,,,,,,,,,,,,,,,,,,,,,,,,,,,,,,,,,,,,,,,,,,,,,,-1.050e+04,,,,,-1.103e+04,,,,,-1.077e+04,,,,,-1.104e+04,-1.103e+04,-1.106e+04,-1.106e+04,-1.108e+04,-1.110e+04,-1.108e+04,-1.111e+04,-1.111e+04,-1.111e+04,-1.112e+04,,,,,-1.114e+04,,,,,-1.113e+04,,,,,-1.110e+04,,,,,,,,,,,,,,,,,,,,,,,,,,,,,,,,,,,,,,,,,,,,,,,,,,,,,,,,,,,,,,,,,,,,,,,,,,,,,,,,,,,,,,,,,,,,,,,,,,,,
